date,inflow,outflow,local
1895-07-01,829527.9999999998,548013.0,548902.8020235475
1895-08-01,1129425.0000000002,428105.0,758348.5495376589
1895-09-01,1812031.0000000002,401316.0,1355848.4257431033
1895-10-01,879770.0,452527.0,723114.694732666
1895-11-01,404065.0,75000.0,312724.6659851074
1895-12-01,408700.0,62000.0,282974.9531555176
1896-01-01,273750.0,62000.0,156752.74659729004
1896-02-01,311607.0,58000.0,181763.32577514648
1896-03-01,410369.0,62000.0,215151.8655090332
1896-04-01,499753.99999999994,72102.0,331665.72267150873
1896-05-01,463241.0,79022.0,387514.6255340576
1896-06-01,458864.00000000006,74535.0,339745.892364502
1896-07-01,725429.0,133794.0,455063.8695373535
1896-08-01,463284.0,86059.0,293408.48960876465
1896-09-01,845287.0,60000.0,637808.540512085
1896-10-01,631627.9999999999,77500.0,491819.38897705066
1896-11-01,524883.9999999999,75000.0,460342.67665100086
1896-12-01,391162.0,62000.0,313698.07540130615
1897-01-01,562555.0000000001,62000.0,438925.01181030285
1897-02-01,416748.0,56000.0,306980.5715332031
1897-03-01,268587.99999999994,62000.0,217477.02200317377
1897-04-01,280408.00000000006,60000.0,189570.69546508795
1897-05-01,233840.0,62000.0,191715.29162597656
1897-06-01,269705.00000000006,67786.0,228581.8427276612
1897-07-01,498010.99999999994,76913.0,398729.19140624994
1897-08-01,958042.0,62000.0,629011.3579101562
1897-09-01,2015294.9999999998,216980.0,996921.9849853513
1897-10-01,1018289.9999999999,77500.0,798041.154937744
1897-11-01,454917.0,75000.0,350255.24241638184
1897-12-01,283607.0,62000.0,200657.4050064087
1898-01-01,320384.00000000006,8000.0,158421.38626861578
1898-02-01,417216.0,0.0,246414.88827514648
1898-03-01,422845.99999999994,0.0,168333.71487426752
1898-04-01,313478.0,0.0,184035.3358001709
1898-05-01,302892.99999999994,0.0,261945.39532470697
1898-06-01,684002.0,0.0,593515.6443328857
1898-07-01,726427.0000000001,60000.0,539933.9076690675
1898-08-01,1219808.0,194460.0,854694.5475769043
1898-09-01,1229496.0,272061.0,860264.3932800293
1898-10-01,893515.0000000002,110151.0,774041.4900665286
1898-11-01,820602.0,75000.0,728699.9223403931
1898-12-01,401209.0,62000.0,322867.3512649536
1899-01-01,311283.0,62000.0,231620.72381210327
1899-02-01,295259.00000000006,56000.0,216844.1978988648
1899-03-01,438225.99999999994,62000.0,238083.6620483398
1899-04-01,419660.0,60000.0,356618.6856689453
1899-05-01,368061.0,62000.0,319591.68281555176
1899-06-01,942903.0,60000.0,746685.5553741455
1899-07-01,1055568.0,478746.0,626998.8134613037
1899-08-01,999372.9999999998,407474.0,580138.3879852293
1899-09-01,733563.0,174853.0,402661.6474609375
1899-10-01,563790.9999999999,77500.0,417970.8918609618
1899-11-01,463688.00000000006,75000.0,366412.7366638184
1899-12-01,338274.0,62000.0,251509.159614563
1900-01-01,270422.0,61249.0,184188.0542602539
1900-02-01,228199.00000000003,0.0,144010.22970581058
1900-03-01,367581.0,52000.0,313024.46742248535
1900-04-01,636991.0,60000.0,521678.185546875
1900-05-01,672042.0000000001,62000.0,528144.7723083497
1900-06-01,1106505.0,231623.0,775996.5293579102
1900-07-01,1573879.0000000005,787484.0,807799.8273925786
1900-08-01,2692370.0,1075867.0,982067.9708862305
1900-09-01,2394217.0,965640.0,1162444.3602714539
1900-10-01,1128510.0,403047.0,723906.7574462891
1900-11-01,515832.99999999994,75000.0,427266.83747863764
1900-12-01,380001.00000000006,62000.0,286406.0692596436
1901-01-01,293335.00000000006,62000.0,190346.07971191412
1901-02-01,245084.0,56000.0,145535.99645996094
1901-03-01,196437.0,62000.0,144938.3302001953
1901-04-01,207297.00000000003,59473.0,144589.610534668
1901-05-01,273320.9999999999,29128.0,219195.91268920887
1901-06-01,452519.00000000006,0.0,342347.65919494635
1901-07-01,490711.00000000006,56397.0,275240.2098693848
1901-08-01,787484.9999999999,62000.0,529016.78225708
1901-09-01,1741923.0,160920.0,1119811.3537597656
1901-10-01,1332706.0,275034.0,935021.8868408203
1901-11-01,960845.0,75000.0,714146.9080963135
1901-12-01,368980.00000000006,62000.0,282199.97503662115
1902-01-01,333597.0,62000.0,214191.1340637207
1902-02-01,233432.00000000003,56000.0,139057.6377182007
1902-03-01,200289.00000000003,37970.0,152223.78330993655
1902-04-01,197006.00000000003,51086.0,121237.0896148682
1902-05-01,196849.00000000003,32401.000000000004,144481.45503616336
1902-06-01,338789.99999999994,0.0,295686.11608123773
1902-07-01,317126.99999999994,2493.0,253404.27624511713
1902-08-01,227304.0,0.0,151659.05937957764
1902-09-01,296073.00000000006,0.0,210543.1153335572
1902-10-01,376977.99999999994,0.0,290551.04562377924
1902-11-01,221025.99999999997,0.0,161604.92222213742
1902-12-01,327524.00000000006,0.0,246257.6624832154
1903-01-01,232471.99999999997,0.0,147432.52874755856
1903-02-01,211891.00000000003,0.0,130068.66991806033
1903-03-01,219951.0,0.0,175667.0562057495
1903-04-01,223070.00000000003,0.0,174472.71536254886
1903-05-01,342273.0,0.0,239571.46723937988
1903-06-01,734932.9999999999,0.0,392222.8092651366
1903-07-01,1514434.0,44000.0,800681.243347168
1903-08-01,1041083.0000000001,549473.0,439113.33660888684
1903-09-01,1532146.0,495490.0,791353.8382568359
1903-10-01,1520790.0,317725.0,894388.5567626953
1903-11-01,1188656.0000000005,75000.0,430630.89440918015
1903-12-01,645587.0,71361.0,312180.18145751953
1904-01-01,604566.0,62000.0,395090.2134399414
1904-02-01,352842.00000000006,58000.0,230816.7319488526
1904-03-01,241812.0,62000.0,155510.66763305664
1904-04-01,743571.0,60000.0,107265.51833343506
1904-05-01,814942.9999999999,62000.0,200360.61178588856
1904-06-01,571013.0,451386.0,393947.28746032715
1904-07-01,1630854.0000000002,411680.0,1017223.0502319338
1904-08-01,1474459.0,747076.0,825914.971862793
1904-09-01,1325635.0,498077.0,794058.4681091309
1904-10-01,1467585.0000000002,325152.0,1204534.543640137
1904-11-01,935697.0,75000.0,789125.4448699951
1904-12-01,395047.0,62000.0,302048.77293395996
1905-01-01,223572.0,62000.0,114944.58457946777
1905-02-01,190781.99999999997,56000.0,91871.34921264646
1905-03-01,124378.99999999999,62000.0,74618.59689331053
1905-04-01,153110.0,60000.0,70162.8695526123
1905-05-01,473116.99999999994,62000.0,138185.92552185053
1905-06-01,712346.9999999999,60000.0,430454.7682495116
1905-07-01,2504450.0000000005,665076.0,1751428.1819152837
1905-08-01,1558299.0,872684.0,789587.8045654297
1905-09-01,1059063.9999999998,482101.0,711120.7734832761
1905-10-01,1239283.0,161707.0,995610.467956543
1905-11-01,1224607.0,75000.0,1014028.9429931641
1905-12-01,596549.0000000001,62000.0,503678.5266723634
1906-01-01,391568.0,62000.0,264516.3183860779
1906-02-01,228094.0,56000.0,123345.76578521729
1906-03-01,590513.0,63233.0,418871.51527404785
1906-04-01,598242.0000000001,60000.0,389550.8527221681
1906-05-01,731157.0,62000.0,603430.1557159424
1906-06-01,1426357.0,339820.0,1142266.7286834717
1906-07-01,2521428.0,829196.0,1478123.6350402832
1906-08-01,2263231.0,1095443.0,1335614.1950912476
1906-09-01,3082689.9999999995,1232397.0,1733540.9836578364
1906-10-01,3886174.0,1507815.0,1926477.9006347656
1906-11-01,1650653.0000000002,1786446.0,883518.5272827151
1906-12-01,999632.0000000001,1143056.0,809530.4851684571
1907-01-01,456835.0,62000.0,334232.76763153076
1907-02-01,633950.9999999999,56000.0,401529.33473205555
1907-03-01,627205.9999999999,62000.0,528187.0618286132
1907-04-01,324165.0,71188.0,218740.74673461914
1907-05-01,464331.0,112008.0,262794.31492614746
1907-06-01,519525.0,111012.0,316565.5174713135
1907-07-01,655805.9999999998,227455.0,400926.71624755836
1907-08-01,1008613.0,247385.0,712048.5969238281
1907-09-01,721095.9999999999,165264.0,512408.8300170897
1907-10-01,600288.0,77500.0,456105.2701950073
1907-11-01,591512.9999999999,75000.0,498305.5423927306
1907-12-01,508607.99999999994,62000.0,423207.2617416381
1908-01-01,329422.99999999994,62000.0,209514.88082885736
1908-02-01,321640.00000000006,58000.0,198119.90908813482
1908-03-01,349308.99999999994,62000.0,152709.77902221674
1908-04-01,549916.0,60000.0,122339.95111083984
1908-05-01,862279.9999999999,62000.0,223647.19783020008
1908-06-01,520632.00000000006,60000.0,395122.48046875006
1908-07-01,669373.0,62000.0,513922.3937988281
1908-08-01,661939.9999999999,186316.0,460245.21321105945
1908-09-01,1133560.0,309061.0,831311.6741485596
1908-10-01,1089612.0,214253.0,881260.7571868896
1908-11-01,452107.0,75000.0,376953.268157959
1908-12-01,369818.99999999994,62000.0,293845.8963012695
1909-01-01,234953.0,62000.0,147462.90180969238
1909-02-01,277306.0000000001,56000.0,190488.0561141969
1909-03-01,243766.99999999997,62000.0,187612.95004272458
1909-04-01,305924.0,60000.0,234666.1254043579
1909-05-01,812086.0,62000.0,669755.2924575806
1909-06-01,1888562.0,533224.0,1532022.0939331055
1909-07-01,1764755.0000000002,907781.0,1024039.076263428
1909-08-01,3789763.9999999995,1143897.0,2219170.512268066
1909-09-01,1890175.0,1294215.0,945378.2310180664
1909-10-01,1020205.9999999999,798169.0,712561.6613616942
1909-11-01,461372.00000000006,75000.0,363661.53725433355
1909-12-01,309190.00000000006,62000.0,226578.13161468512
1910-01-01,299943.0,62000.0,184147.68299102783
1910-02-01,610116.0,56000.0,203400.44470214844
1910-03-01,1243991.0,127834.0,158884.91328430176
1910-04-01,1172220.0000000002,87101.0,127369.25369262719
1910-05-01,774390.0,445877.0,173943.99667358398
1910-06-01,461173.0,189624.0,271572.2453918457
1910-07-01,1072318.0,434913.0,628200.1419067383
1910-08-01,1126362.0,600640.0,462926.97106933594
1910-09-01,2402554.0,730785.0,1470176.238494873
1910-10-01,1325189.0,786935.0,955537.2059783936
1910-11-01,847151.0000000001,402779.0,726499.475959778
1910-12-01,605238.0,83814.0,508371.70584106445
1911-01-01,478526.00000000006,62000.0,323101.439819336
1911-02-01,788685.0000000001,174020.0,385839.45584106457
1911-03-01,1242193.0,398233.0,572143.0084991455
1911-04-01,593847.0,328578.0,207389.95204162598
1911-05-01,398123.9999999999,121365.0,322187.01972961414
1911-06-01,1384301.0,256744.00000000003,821417.9938354492
1911-07-01,1495269.0,684867.0,840724.5482330322
1911-08-01,1331716.0,672098.0,721750.5755767822
1911-09-01,774355.0,274599.0,500818.25050354004
1911-10-01,543789.0,77500.0,402018.6450881958
1911-11-01,348335.99999999994,75000.0,264207.4450836181
1911-12-01,360464.0,62000.0,263516.274810791
1912-01-01,362083.0,62000.0,196758.98538208008
1912-02-01,289211.0,58000.0,171379.27556610107
1912-03-01,213388.0,62000.0,143704.1463470459
1912-04-01,222348.00000000003,60000.0,168380.70007324222
1912-05-01,176772.0,62000.0,143300.6563911438
1912-06-01,220042.0,60000.0,182494.62797927856
1912-07-01,869742.0000000001,62000.0,588300.7286071779
1912-08-01,1293034.0,150343.0,538635.4280395508
1912-09-01,2317931.0,536999.0,1654240.6877441406
1912-10-01,1140674.0,511201.0,825791.6152648926
1912-11-01,783160.0,277346.0,664875.8356781006
1912-12-01,938853.0000000001,62000.0,796915.4300231935
1913-01-01,451446.0,62000.0,347159.05184936523
1913-02-01,274747.0,56000.0,183478.5358428955
1913-03-01,447712.0,96404.0,392617.88081359863
1913-04-01,334509.0,60000.0,270794.4215698242
1913-05-01,371299.99999999994,62000.0,311431.91699981684
1913-06-01,519557.0,87093.0,360384.7687072754
1913-07-01,721674.0,172961.0,354897.7012023926
1913-08-01,1166255.0,107166.0,641220.4020080566
1913-09-01,904190.0,60000.0,645532.5466003418
1913-10-01,963579.0000000001,77500.0,813412.0164718629
1913-11-01,617393.0,75000.0,513288.9382019043
1913-12-01,336223.0,62000.0,251477.01460266113
1914-01-01,319852.00000000006,62000.0,219560.0988388062
1914-02-01,261362.00000000003,56000.0,159004.08885955813
1914-03-01,198057.00000000003,62000.0,141766.32735443118
1914-04-01,290618.00000000006,60000.0,191232.67875671393
1914-05-01,471335.00000000006,62000.0,320381.9682617188
1914-06-01,349853.0,60000.0,240655.61332702637
1914-07-01,447611.0,62000.0,316654.21702575684
1914-08-01,362569.0,62000.0,245406.99082946777
1914-09-01,378399.0,60000.0,282177.4334716797
1914-10-01,225829.99999999997,75000.0,147468.32426834104
1914-11-01,185927.0,0.0,128269.14302444458
1914-12-01,240138.0,0.0,167830.51594543457
1915-01-01,214802.0,0.0,135092.9805908203
1915-02-01,193482.0,0.0,120304.61575317383
1915-03-01,153254.00000000003,0.0,111894.1560134888
1915-04-01,373584.0,0.0,326672.45851516724
1915-05-01,289522.0,0.0,244551.17667007446
1915-06-01,746394.0,40000.0,615975.0352783203
1915-07-01,1601471.0000000002,338996.0,1097773.93107605
1915-08-01,2162312.0,796902.0,1403918.7818145752
1915-09-01,1859832.0,885331.0,1192140.7106933594
1915-10-01,2162306.0000000005,794871.0,1562068.624664307
1915-11-01,828574.0,217485.0,670103.8433380127
1915-12-01,398008.99999999994,62000.0,318045.07841491693
1916-01-01,298187.0,62000.0,197309.8454837799
1916-02-01,266011.0,58000.0,177313.91133880615
1916-03-01,223426.0,54291.0,173202.71408081055
1916-04-01,203463.0,21557.0,157013.1287689209
1916-05-01,353602.99999999994,28221.0,301894.5907745361
1916-06-01,533892.0,60000.0,465272.86434936523
1916-07-01,2137173.0,271658.0,1615495.0363769531
1916-08-01,2541821.0,1021943.0,1480091.4675292969
1916-09-01,3776850.0,1284809.0,1547774.3078613281
1916-10-01,3356753.0,1477553.0,1516481.1149902344
1916-11-01,3306776.9999999995,1662417.0,1625033.5007662768
1916-12-01,2324073.0,1553834.0,1296331.2023925781
1917-01-01,1396644.0000000005,1203916.0,716806.2514190678
1917-02-01,949800.9999999999,581039.0,397405.48957824695
1917-03-01,1009781.0000000001,470790.0,308325.6914062501
1917-04-01,918574.0000000001,539655.0,257331.8289794923
1917-05-01,1144141.9999999998,635520.0,850159.9923400877
1917-06-01,4284800.000000001,884357.0,2786476.8278808603
1917-07-01,4622744.0,2056101.0,2861219.409011841
1917-08-01,4743826.0,2820749.0,2216835.275543213
1917-09-01,6168561.000000001,3875980.0,2992725.290008546
1917-10-01,6676743.0,4701911.0,3980448.8350372314
1917-11-01,3163604.0000000005,5368341.0,1556528.6036376958
1917-12-01,1789394.0,4304432.0,769215.2445678711
1918-01-01,1467246.0000000002,2111935.0,448371.61950683617
1918-02-01,740819.0000000001,317919.0,367385.36325073254
1918-03-01,569101.9999999999,274269.0,370748.4700927733
1918-04-01,458111.99999999994,281763.0,322293.34596252436
1918-05-01,2034955.9999999998,687001.0,1259679.3662872312
1918-06-01,2301445.0,1205733.0,1275067.0785827637
1918-07-01,3118817.0,1560874.0,1603384.3707580566
1918-08-01,2900535.0,1855617.0,1563361.2941436768
1918-09-01,2741552.0,1801950.0,1300362.691558838
1918-10-01,1048968.9999999998,1448452.0,649808.1164932249
1918-11-01,499284.99999999994,319803.0,421580.1192321777
1918-12-01,420567.0,62000.0,330546.7247619629
1919-01-01,278293.0,62000.0,169701.62637329102
1919-02-01,299864.0,56000.0,177412.41064453125
1919-03-01,302603.00000000006,62000.0,230147.75819396978
1919-04-01,238867.0,60000.0,184349.3505706787
1919-05-01,442222.00000000006,62000.0,403283.61260986334
1919-06-01,658837.0000000001,60000.0,561261.7139816285
1919-07-01,716922.0,62000.0,529997.8393096924
1919-08-01,673836.0000000001,62000.0,511614.6325225831
1919-09-01,799982.0,60000.0,617349.2053337097
1919-10-01,720783.0,77500.0,592194.1639852524
1919-11-01,381768.0,75000.0,307325.6967493629
1919-12-01,494474.99999999994,62000.0,419308.06040950114
1920-01-01,488348.0,62000.0,393781.68924713135
1920-02-01,285078.0,58000.0,195771.898021698
1920-03-01,215196.0,54534.0,167351.56885528564
1920-04-01,210265.0,60000.0,161788.14054870605
1920-05-01,308691.0,62000.0,276298.84926605225
1920-06-01,641488.0,60000.0,591361.4087295532
1920-07-01,1778972.0000000002,153225.0,1372476.0316390994
1920-08-01,3423872.9999999995,1119306.0,1709611.7301025386
1920-09-01,4623184.0,1457123.0,1558189.6564941406
1920-10-01,2925046.0,1716497.0,1094160.3688354492
1920-11-01,1278282.0000000002,982148.0,666323.5124816897
1920-12-01,606484.9999999999,487216.0,365269.71852111805
1921-01-01,578131.0000000001,62000.0,271267.49003601086
1921-02-01,389049.0000000001,136377.0,201566.9138031007
1921-03-01,364393.0,232502.0,227991.46774291992
1921-04-01,433818.0,99585.0,213002.03993225098
1921-05-01,634520.0,139721.0,244368.8501586914
1921-06-01,1014077.0000000001,193845.0,722058.488220215
1921-07-01,1823577.0,1093657.0,875479.1575927734
1921-08-01,3539412.0000000005,1248524.0,1649790.8208007817
1921-09-01,4826824.999999999,1675759.0,1983113.4620361319
1921-10-01,3385110.0000000005,2015004.0,1498169.6730957036
1921-11-01,1264219.0,1561520.0,572435.185760498
1921-12-01,674548.0000000001,490665.0,390539.22287750256
1922-01-01,483099.99999999994,62000.0,199496.3682098388
1922-02-01,889046.0000000001,189219.0,176548.50234985363
1922-03-01,383236.99999999994,145022.0,167816.46032714838
1922-04-01,239459.00000000003,124278.0,146222.53599548343
1922-05-01,342726.99999999994,92753.0,235547.61769103998
1922-06-01,309592.0,193598.0,212535.37127685547
1922-07-01,919324.0000000002,208721.0,774359.994232178
1922-08-01,1094216.0000000002,190777.0,612248.2460021975
1922-09-01,1487191.0,568829.0,640531.9406814575
1922-10-01,1009900.9999999999,199107.0,705517.3826141356
1922-11-01,576837.0,75000.0,483273.4417037964
1922-12-01,293150.0,62000.0,191577.01165771484
1923-01-01,356765.99999999994,62000.0,195811.77130126947
1923-02-01,265693.99999999994,56000.0,155962.30804443354
1923-03-01,185775.0,62000.0,133612.4582977295
1923-04-01,207089.99999999997,60000.0,159250.0789031982
1923-05-01,317142.0,62000.0,281611.4557952881
1923-06-01,1489705.0,212767.0,1231958.6833724976
1923-07-01,2241295.0,920748.0,1234886.616065979
1923-08-01,2251221.0,1273091.0,987595.8930969238
1923-09-01,1651397.0,1234052.0,835718.8370666504
1923-10-01,2344575.0,801540.0,1445022.5027160645
1923-11-01,1141408.0000000002,410956.0,879320.8109359744
1923-12-01,735103.0,105491.0,608683.666343689
1924-01-01,625531.0000000001,62000.0,476834.4259796144
1924-02-01,590612.0000000001,58000.0,415613.7078704835
1924-03-01,498187.0,89988.0,334390.94467163086
1924-04-01,551891.0,60000.0,365299.02743530273
1924-05-01,680057.0,124391.0,464861.024017334
1924-06-01,895412.0000000001,489252.0,616286.0547637941
1924-07-01,717666.9999999999,433814.0,458723.864501953
1924-08-01,1771189.0,596336.0,1315554.1404571533
1924-09-01,2422467.0,989398.0,1362535.122467041
1924-10-01,2177584.0,1235670.0,1204311.3567810059
1924-11-01,2384514.0000000005,1205639.0,1475635.035125733
1924-12-01,1270541.0,1020606.0,628565.8112487793
1925-01-01,1173007.0,447235.0,639547.9342346191
1925-02-01,864489.9999999999,307157.0,645963.1167755126
1925-03-01,387303.0,191133.0,302112.72985839844
1925-04-01,250417.00000000003,139852.0,199078.31243133548
1925-05-01,474231.0,172954.0,294285.3769378662
1925-06-01,797994.0,182711.0,375991.8038635254
1925-07-01,1588705.0,865642.0,492310.3279724121
1925-08-01,1977905.0,1048276.0000000001,871551.6435089111
1925-09-01,1564519.0000000002,1144798.0,816497.6030120852
1925-10-01,996216.9999999999,393078.0,682595.8201675414
1925-11-01,477909.99999999994,75000.0,389816.6467533111
1925-12-01,380908.0,62000.0,286059.23153686523
1926-01-01,302927.0,62000.0,183241.59678649902
1926-02-01,398449.0,56000.0,239046.4676361084
1926-03-01,254590.00000000003,62000.0,182290.76461791995
1926-04-01,465162.99999999994,60000.0,290764.1233520507
1926-05-01,1369281.0,193966.0,733096.5337219238
1926-06-01,1626099.9999999998,678064.0,905930.1976318357
1926-07-01,1911520.0000000002,678594.0,1049165.7103271487
1926-08-01,2508123.0,884619.0,1516964.6511230469
1926-09-01,1741302.0000000002,882407.0,1048316.8215332034
1926-10-01,1461914.0,702623.0,1066918.213104248
1926-11-01,720490.0,267665.0,576084.1248168945
1926-12-01,402997.0,84973.0,318359.5454559326
1927-01-01,326724.0,62000.0,206973.3635559082
1927-02-01,344087.99999999994,56000.0,158606.60729980463
1927-03-01,333222.0,62000.0,176838.13023376465
1927-04-01,236701.00000000003,60000.0,172122.53013610843
1927-05-01,291091.0,62000.0,223702.1999359131
1927-06-01,316998.0,60000.0,265677.58096313477
1927-07-01,582291.0,62000.0,496951.90045166016
1927-08-01,1205535.0,62000.0,980375.6679229736
1927-09-01,852671.0,60000.0,639588.7827606201
1927-10-01,1211976.0,77500.0,1025420.3564910889
1927-11-01,538480.0,75000.0,452113.4783630371
1927-12-01,412534.0,62000.0,320533.48419189453
1928-01-01,376143.0,62000.0,185705.50413513184
1928-02-01,480234.00000000006,58000.0,327071.3565063477
1928-03-01,831843.9999999999,78463.0,537022.0836334227
1928-04-01,754857.0,60000.0,437236.22679901123
1928-05-01,748699.9999999999,435908.0,466099.485015869
1928-06-01,1194063.9999999998,284417.0,753309.7474365232
1928-07-01,979691.0,381079.0,690221.8359680176
1928-08-01,715757.0,173434.0,416209.36328125
1928-09-01,829694.0,143159.0,548461.6180114746
1928-10-01,1995242.0,167559.0,1499736.036819458
1928-11-01,744116.0,224322.0,648662.4545288086
1928-12-01,368217.0000000001,62000.0,288000.1789855958
1929-01-01,258401.0,62000.0,151267.96536254883
1929-02-01,275594.00000000006,56000.0,163181.50744628912
1929-03-01,219950.0,62000.0,152268.1190185547
1929-04-01,280296.99999999994,60000.0,218480.30023193354
1929-05-01,626177.0,62000.0,258538.68183898926
1929-06-01,518866.99999999994,60000.0,431712.69932556147
1929-07-01,486813.0,62000.0,353225.12062072754
1929-08-01,695271.0,62000.0,521054.754989624
1929-09-01,768134.0,60000.0,587844.5344314575
1929-10-01,971967.0,77500.0,801596.2997131348
1929-11-01,630189.9999999999,75000.0,544603.4044570922
1929-12-01,460681.0,62000.0,376162.3432922363
1930-01-01,336640.0,62000.0,234178.5128173828
1930-02-01,264137.00000000006,2000.0,157873.01996612555
1930-03-01,209785.00000000003,0.0,140321.8457336426
1930-04-01,207346.0,0.0,150064.17163085938
1930-05-01,327467.0,26378.0,278265.55859375
1930-06-01,325068.99999999994,3220.0,264140.8961486816
1930-07-01,442602.99999999994,62000.0,302271.5409545898
1930-08-01,1120305.9999999998,62000.0,717713.6660156248
1930-09-01,896105.0,60000.0,615933.2799072266
1930-10-01,1717020.0,77500.0,1446277.2831115723
1930-11-01,1113655.0000000002,75000.0,747938.3651580813
1930-12-01,994328.0,83155.0,737443.2388153076
1931-01-01,674769.0,62000.0,512982.3019480705
1931-02-01,362836.0,56000.0,261244.08826494217
1931-03-01,512535.99999999994,62000.0,449827.99190521234
1931-04-01,765983.0,113868.0,377438.3978881836
1931-05-01,2258268.0,601569.0,1270840.8670043945
1931-06-01,4546102.0,1415648.0,2991824.1094970703
1931-07-01,4838551.0,2075418.9999999998,2265243.871520996
1931-08-01,4371074.0,3095480.0,1579687.6125488281
1931-09-01,3558203.0,3379920.0,1424897.4892578125
1931-10-01,1587400.0,2247742.0,1064654.487915039
1931-11-01,920580.0000000001,812323.0,794483.599975586
1931-12-01,457192.00000000006,103772.0,354726.6744995118
1932-01-01,646179.0,62000.0,171544.2554473877
1932-02-01,375659.99999999994,143875.0,170219.93409728998
1932-03-01,445855.0,212764.0,329391.4267730713
1932-04-01,872805.0,355556.0,727109.2005615234
1932-05-01,767048.0,414753.0,412273.6735229492
1932-06-01,1636091.0,762038.0,1000347.0088806152
1932-07-01,2210652.0,971183.0,1189551.5195770264
1932-08-01,2086333.9999999993,1194052.0,1087324.830612182
1932-09-01,2391441.0,1138124.0,1528386.2122497559
1932-10-01,1235338.0,1128842.0,838375.774810791
1932-11-01,608442.0000000001,399008.0,504767.6537780763
1932-12-01,390376.0,87108.0,296786.9962310791
1933-01-01,278478.0,62000.0,170837.37167358398
1933-02-01,275643.0,56000.0,146370.7658843994
1933-03-01,219152.0,62000.0,135118.05738830566
1933-04-01,204306.00000000003,60000.0,151467.04014587405
1933-05-01,274808.0,62000.0,225456.8069152832
1933-06-01,507772.99999999994,60000.0,360954.18734741205
1933-07-01,1149671.0,128642.0,802765.8112792969
1933-08-01,1078331.9999999998,518527.00000000006,554199.4759063718
1933-09-01,2172221.0,645195.0,1538309.1071472168
1933-10-01,1165485.0,264884.0,900493.7282714844
1933-11-01,636759.0,75000.0,363341.53662872314
1933-12-01,1151868.0,62000.0,615488.6542358398
1934-01-01,817100.0,62000.0,595454.5085144043
1934-02-01,406561.0,63831.0,282024.7205810547
1934-03-01,716757.0000000001,203412.0,321578.7625579835
1934-04-01,552531.9999999998,208627.0,334596.1909790037
1934-05-01,522933.0,127211.0,263108.6571044922
1934-06-01,325329.0,60000.0,216392.40370178223
1934-07-01,920672.0,62000.0,747711.7921295166
1934-08-01,1479407.0,531243.0,1036239.7092437744
1934-09-01,1654483.0,922311.0,816064.1936035156
1934-10-01,3165678.0,1055430.0,2100640.5958862305
1934-11-01,2204117.0,1176040.0,1424629.191772461
1934-12-01,2096426.0,1255855.0,1215499.0950317383
1935-01-01,590109.0,693763.0,382242.2062988281
1935-02-01,529184.0,180828.0,289559.05003356934
1935-03-01,385998.00000000006,151046.0,230348.1808929444
1935-04-01,507356.00000000006,282401.0,412921.8894805909
1935-05-01,1073155.0,479964.0,607099.1625442505
1935-06-01,1504890.0,767996.0,668802.0040206909
1935-07-01,2235331.0000000005,979430.0,1209839.1256179814
1935-08-01,2502091.0,1115049.0,1385410.8662872314
1935-09-01,2006189.0,1172712.0,1134486.7483673096
1935-10-01,1284791.0000000002,1305929.0,939042.3377914431
1935-11-01,901881.0000000002,639986.0,671526.4869842532
1935-12-01,880951.0,62000.0,793994.176071167
1936-01-01,396402.99999999994,62000.0,280576.64337921137
1936-02-01,316933.99999999994,58000.0,200877.62963867182
1936-03-01,287397.99999999994,62000.0,209884.5282287597
1936-04-01,284278.0,99568.0,225628.8606414795
1936-05-01,378828.99999999994,109802.0,244624.4930877685
1936-06-01,482501.00000000006,69289.0,367535.16940307623
1936-07-01,1559386.0,448737.0,1036270.5021057129
1936-08-01,2971789.9999999995,912857.0,2094247.370483398
1936-09-01,1792972.0000000005,1160966.0,983589.1095581059
1936-10-01,864363.0,874246.0,591021.2476043701
1936-11-01,600910.0,75000.0,499844.59523773193
1936-12-01,745906.9999999999,62000.0,612817.9736557006
1937-01-01,531786.9999999999,62000.0,403408.60065460193
1937-02-01,395219.0000000001,56000.0,232588.6410827638
1937-03-01,309375.00000000006,62000.0,237698.09472656256
1937-04-01,479960.99999999994,60000.0,208379.55024719232
1937-05-01,699709.0,62000.0,275630.8519592285
1937-06-01,313936.00000000006,60000.0,260414.2319641114
1937-07-01,322350.0,62000.0,256515.47840881348
1937-08-01,472889.0,62000.0,370478.55529022217
1937-09-01,1040991.0,60000.0,837061.3715133667
1937-10-01,836101.9999999999,77500.0,673222.2189025878
1937-11-01,431302.0,75000.0,357202.0573120117
1937-12-01,372631.0,62000.0,288521.1001358032
1938-01-01,241953.99999999997,62000.0,154618.0289840698
1938-02-01,280099.0,56000.0,184789.11540222168
1938-03-01,198490.0,62000.0,151801.56512451172
1938-04-01,262911.00000000006,60000.0,217712.6086120606
1938-05-01,238883.0,62000.0,199994.41688156128
1938-06-01,343735.0,60000.0,299768.9807701111
1938-07-01,569154.0,62000.0,336945.53872680664
1938-08-01,479055.99999999994,62000.0,361918.35812377924
1938-09-01,649923.0000000001,60000.0,459148.9341735841
1938-10-01,353644.0,77500.0,268281.65352630615
1938-11-01,259773.00000000003,75000.0,192549.48224639895
1938-12-01,214720.00000000003,62000.0,125678.59585571292
1939-01-01,204544.0,2000.0,112241.67659759521
1939-02-01,276996.0,0.0,204977.92319869995
1939-03-01,1123507.9999999998,0.0,833944.5356140134
1939-04-01,1322129.9999999998,136343.0,790514.1065673826
1939-05-01,1118933.9999999998,592112.0,630466.4248657224
1939-06-01,1611264.9999999998,860428.0,1022851.0462951658
1939-07-01,2356101.0000000005,869170.0,1224652.318313599
1939-08-01,3504796.0,1250244.0,2119957.3580474854
1939-09-01,3048576.0,1431421.0,1627775.4785385132
1939-10-01,2294169.0,1555886.0,1520420.962808609
1939-11-01,1525476.0,1282846.0,1268840.950378418
1939-12-01,610534.0,476118.0,505985.57137680054
1940-01-01,348304.99999999994,62000.0,224061.08876991266
1940-02-01,351082.99999999994,58000.0,226421.55795764917
1940-03-01,249484.99999999997,62000.0,167320.4875564575
1940-04-01,324992.00000000006,60000.0,227526.435623169
1940-05-01,421153.0,62000.0,273516.2020263672
1940-06-01,333296.00000000006,60000.0,270585.6252288819
1940-07-01,337079.0,62000.0,265996.6515045166
1940-08-01,392704.0,62000.0,291289.8590621948
1940-09-01,485522.00000000006,60000.0,372724.4647827149
1940-10-01,501440.0,77500.0,387190.4135398865
1940-11-01,271045.0,75000.0,210954.51084899902
1940-12-01,307604.00000000006,62000.0,233637.34849166876
1941-01-01,583665.9999999999,62000.0,452741.83019065845
1941-02-01,699311.9999999999,56000.0,235044.7784423827
1941-03-01,1046622.0000000001,62000.0,312384.8251800538
1941-04-01,634637.9999999999,60000.0,233332.77352142322
1941-05-01,451743.0,62000.0,219126.9291381836
1941-06-01,306537.00000000006,60000.0,241046.26701354986
1941-07-01,674821.0000000001,62000.0,539866.9296112062
1941-08-01,536901.9999999999,62000.0,411438.3799896239
1941-09-01,547347.0,60000.0,426145.50300598145
1941-10-01,784450.0,77500.0,688335.5502700806
1941-11-01,405487.99999999994,75000.0,343067.53919219965
1941-12-01,279648.0,4000.0,203449.14408874512
1942-01-01,234412.0,0.0,159019.0111618042
1942-02-01,236138.0,0.0,150944.03312683105
1942-03-01,210587.00000000003,0.0,138175.6290740967
1942-04-01,285964.0,0.0,146981.10386657715
1942-05-01,936328.9999999999,46000.0,692512.7349243163
1942-06-01,1417689.9999999995,495065.0,986930.5464324947
1942-07-01,2883708.0,953192.0,1882622.8198242188
1942-08-01,2396085.0,1103535.0,1194644.7921142578
1942-09-01,2830292.0000000005,1089941.0,1418417.2114257817
1942-10-01,1290644.9999999998,595580.0,908979.8622589109
1942-11-01,801859.9999999999,75000.0,682471.3131866454
1942-12-01,500413.0,62000.0,334543.91708374023
1943-01-01,415073.0000000001,62000.0,252868.64671325695
1943-02-01,533798.0,56000.0,194522.93742370605
1943-03-01,256348.0,62000.0,154175.20780944824
1943-04-01,354724.99999999994,60000.0,305022.2194061279
1943-05-01,334256.0,62000.0,283699.04554748535
1943-06-01,393836.0,60000.0,336659.80323028564
1943-07-01,688228.0000000001,62000.0,587351.5362243654
1943-08-01,1037190.0,62000.0,782115.0438842773
1943-09-01,1209293.0,71362.0,835870.6859436035
1943-10-01,1055886.0,77500.0,872115.8141021729
1943-11-01,655035.0,75000.0,571871.0691833496
1943-12-01,446659.99999999994,62000.0,343389.6434478759
1944-01-01,250919.00000000003,62000.0,127812.64950561526
1944-02-01,226976.0,58000.0,122777.71113586426
1944-03-01,195653.0,17928.0,133374.69458007812
1944-04-01,201713.00000000006,25934.0,139794.35153198248
1944-05-01,441963.0,49597.0,384022.96421051025
1944-06-01,403067.0,2973.0,311870.84886932373
1944-07-01,530555.9999999999,62000.0,376475.0782775878
1944-08-01,334281.99999999994,62000.0,222841.50721740717
1944-09-01,353488.0,60000.0,221012.18954467773
1944-10-01,364790.99999999994,77500.0,228955.2048645019
1944-11-01,272557.0,22857.0,205630.19860839844
1944-12-01,247839.99999999997,0.0,173046.19975090024
1945-01-01,237791.0,0.0,164245.1738471985
1945-02-01,253581.0,0.0,166686.97624206543
1945-03-01,167646.00000000003,0.0,119634.90283203128
1945-04-01,275656.0,0.0,134716.93505859375
1945-05-01,201071.0,0.0,154036.3856201172
1945-06-01,333058.99999999994,0.0,273299.0551605224
1945-07-01,691574.0000000001,0.0,348415.67739868176
1945-08-01,1429516.0,48000.0,1013041.9667663574
1945-09-01,1063796.0,75660.0,834662.6085205078
1945-10-01,637534.0,122753.0,545767.8037414551
1945-11-01,711719.9999999999,75000.0,627050.4957656859
1945-12-01,290788.0,62000.0,219226.07949352264
1946-01-01,251790.0,62000.0,162325.73936271667
1946-02-01,436729.0,56000.0,259642.97649383545
1946-03-01,1014675.0,62000.0,427539.6562194824
1946-04-01,366670.00000000006,60000.0,289976.7575149537
1946-05-01,337179.00000000006,62000.0,284735.8025512696
1946-06-01,473135.0,60000.0,417273.6957550049
1946-07-01,2046868.0,167257.0,1879562.0724639893
1946-08-01,2059658.0,576166.0,1669366.3151474
1946-09-01,912900.0,321942.0,753965.4334335327
1946-10-01,802801.0,77500.0,711067.5556335449
1946-11-01,669124.9999999999,75000.0,594912.1091308593
1946-12-01,366551.0,62000.0,290981.1925354004
1947-01-01,260592.99999999997,62000.0,184328.72209930417
1947-02-01,268510.00000000006,56000.0,186612.97383117682
1947-03-01,448539.99999999994,115868.0,206702.51174926752
1947-04-01,522338.99999999994,60000.0,189523.19143676752
1947-05-01,381135.99999999994,62000.0,243008.2447662353
1947-06-01,480598.00000000006,60000.0,417758.8836059571
1947-07-01,1509763.0000000002,146893.0,1342565.1268768313
1947-08-01,1647851.0,540022.0,1278196.3567810059
1947-09-01,1843097.0000000002,631985.0,1274706.9072570803
1947-10-01,1825070.0000000002,629190.0,1354513.9916076662
1947-11-01,1238779.0,294193.0,1028453.669921875
1947-12-01,775579.0,62000.0,596591.1359558105
1948-01-01,820237.0,62000.0,300373.9836730957
1948-02-01,536334.0000000001,58000.0,253955.22660827648
1948-03-01,315797.99999999994,62000.0,151709.627166748
1948-04-01,290407.99999999994,60000.0,177468.21641540522
1948-05-01,643776.0,105299.0,415805.8520202637
1948-06-01,846338.0000000001,448710.0,461431.4981842042
1948-07-01,963003.0000000001,390457.0,473340.7969360353
1948-08-01,977481.0,120809.0,502578.52908325195
1948-09-01,916426.0,60000.0,693112.1149902344
1948-10-01,880615.9999999999,77500.0,700175.40335083
1948-11-01,1369456.0000000002,75000.0,1218323.6797943118
1948-12-01,528350.0,62000.0,446028.33082580566
1949-01-01,383254.00000000006,62000.0,274780.032485962
1949-02-01,319896.00000000006,56000.0,202738.42332458502
1949-03-01,385810.0,62000.0,283432.7922821045
1949-04-01,662511.0,60000.0,541324.876159668
1949-05-01,424136.0,62000.0,288494.3177947998
1949-06-01,385688.0,60000.0,302106.0488586426
1949-07-01,603842.0,62000.0,487769.72637939453
1949-08-01,832597.0,78566.0,545335.366973877
1949-09-01,991096.0,116927.0,688663.6796264648
1949-10-01,1894547.0,294965.0,1337008.302307129
1949-11-01,2109125.9999999995,705365.0,1271887.306030273
1949-12-01,883609.9999999999,517602.99999999994,513440.52946472156
1950-01-01,513658.0,62000.0,275251.1150970459
1950-02-01,499875.0,137388.0,291462.5845489502
1950-03-01,832550.9999999999,355180.0,413387.34867858875
1950-04-01,1389380.9999999998,687041.0,529469.3700408933
1950-05-01,2071854.0000000007,1246553.0,166033.11401367257
1950-06-01,2052982.0,1394212.0,333623.6113128662
1950-07-01,1736038.9999999998,1194976.0,545508.3869018552
1950-08-01,2402082.0,1243194.0,711422.8156585693
1950-09-01,3051187.0,1458969.0,713886.0020675659
1950-10-01,3935613.000000001,1485935.0,1012044.0018310556
1950-11-01,2696087.9999999995,1715727.0,819882.5143165584
1950-12-01,2484191.0,1403643.0,498302.3290786743
1951-01-01,2891991.999999999,930922.0,282260.4289245596
1951-02-01,2572475.9999999995,1894465.0,157595.42140197707
1951-03-01,1225862.9999999995,1042458.0000000001,149278.71011352492
1951-04-01,745613.0,987039.0,232687.78553771973
1951-05-01,1149416.0,765876.0,640804.3616790771
1951-06-01,1878650.9999999995,1102729.0,1031809.8248291011
1951-07-01,3240713.999999999,1292882.0,2056498.719482421
1951-08-01,2947813.0000000005,1762870.0,1725514.6331787114
1951-09-01,1871964.0000000002,1720795.0,912782.5274658205
1951-10-01,1691553.9999999998,1320453.0,1002336.9385375974
1951-11-01,988799.0000000002,688840.0,555399.2929382327
1951-12-01,422028.00000000006,98910.0,310846.4947509766
1952-01-01,303629.00000000006,62000.0,187269.30876159674
1952-02-01,295970.99999999994,68262.0,150303.0451049804
1952-03-01,231192.99999999997,68418.0,134154.81640624997
1952-04-01,431837.0,148833.0,260910.61151123047
1952-05-01,1351441.0,617692.0,788015.8578491211
1952-06-01,3933975.0,907487.0,2684842.5841064453
1952-07-01,4308034.0,1967332.0,1981214.700832367
1952-08-01,3309700.0,2346186.0,1124314.7263183594
1952-09-01,4305063.0,2585878.0,1841839.1392211914
1952-10-01,3412511.9999999995,2662423.0,1460828.108606338
1952-11-01,3182390.0,2404593.0,1586746.0341796875
1952-12-01,2086625.9999999998,1935356.0,984522.0892333982
1953-01-01,659430.9999999999,1037777.0,393864.7046051024
1953-02-01,377454.0,240733.0,240291.7033996582
1953-03-01,362939.0,150053.0,176712.02911376953
1953-04-01,1023147.0,233748.0,167519.50146484375
1953-05-01,1036075.0,400399.0,454404.3093261719
1953-06-01,1214230.0,650168.0,606608.5857543945
1953-07-01,2211422.0,720343.0,1389467.0881652832
1953-08-01,2860037.0000000005,1224220.0,1684917.1042480473
1953-09-01,2625424.0000000005,1382230.0,1472643.0337677007
1953-10-01,3151106.0,1619161.0,1764682.9094085693
1953-11-01,1714487.0,1659590.0,1126837.3166351318
1953-12-01,712882.0000000001,1083240.0,465154.29838562023
1954-01-01,389565.0,66410.0,298036.0365829468
1954-02-01,480621.00000000006,119993.0,319222.80151367193
1954-03-01,547969.0,164565.0,191391.15134429932
1954-04-01,812158.0000000001,270333.0,202561.14864349377
1954-05-01,620247.0,170461.0,404573.94818115234
1954-06-01,626072.0,252278.0,447738.51933288574
1954-07-01,697466.0,156364.0,514566.6855621338
1954-08-01,1141027.0,253478.0,728014.3459014893
1954-09-01,1153439.0,60000.0,584801.8368225098
1954-10-01,706541.0,137534.0,374099.6265106201
1954-11-01,1435475.0,276666.0,1049531.7786254883
1954-12-01,1918514.9999999998,849321.0,853872.2306060789
1955-01-01,791328.9999999999,367080.0,281259.7478790282
1955-02-01,546286.0,363423.0,378374.3450317383
1955-03-01,756890.0000000001,317833.0,436268.37159729016
1955-04-01,1210341.9999999998,568413.0,250388.23580169654
1955-05-01,2063290.0,799360.0,339356.0524291992
1955-06-01,1729571.0000000002,1160104.0,725610.8306579592
1955-07-01,3050625.0,1258352.0,1596497.5517578125
1955-08-01,5434039.0,1773943.0,3188491.5200195312
1955-09-01,3864408.0000000005,2736543.0,2007577.254150391
1955-10-01,3721441.0,3466992.0,2330398.0157470703
1955-11-01,2003135.0,3188868.0,1275509.9633789062
1955-12-01,1605847.0000000002,2088563.0,552718.7745971682
1956-01-01,1088281.0000000002,454483.0,648469.6980590823
1956-02-01,670783.0,258990.0,325311.06214141846
1956-03-01,1726504.0,867411.0,550921.1007843018
1956-04-01,4550259.0,1637557.0,2034014.8465270996
1956-05-01,7746996.999999998,2326219.0,2327100.7149658184
1956-06-01,8430472.0,4620344.0,2543219.1181640625
1956-07-01,9991913.0,6728214.0,3144901.125
1956-08-01,9325303.0,8663600.0,1827154.05078125
1956-09-01,7938617.0,8069822.0,1777306.8745117188
1956-10-01,6030639.999999999,7121174.0,1988202.5776367178
1956-11-01,3537296.0000000005,5508704.0,1081009.9855957036
1956-12-01,2206421.0,3143562.0,592396.0908050537
1957-01-01,635922.0,886414.0,322622.8988494873
1957-02-01,542142.9999999999,380855.0,256373.05917358387
1957-03-01,566591.0000000001,286290.0,271813.86181640637
1957-04-01,421902.00000000006,229637.0,242060.0710754395
1957-05-01,687294.0,119858.0,467893.4345703125
1957-06-01,718853.9999999999,276911.0,517865.54467773426
1957-07-01,1184910.0,478260.0,903157.1767578125
1957-08-01,1062078.0000000002,561561.0,607086.2713623049
1957-09-01,795919.0000000001,178421.0,440973.49633789074
1957-10-01,801247.9999999999,83989.0,587864.7824401854
1957-11-01,526155.0,75000.0,401698.95974731445
1957-12-01,375067.0,62000.0,267377.0267944336
1958-01-01,411778.0,62000.0,297598.3357696533
1958-02-01,367889.99999999994,56000.0,225735.67169189447
1958-03-01,369164.99999999994,62000.0,198339.0858764648
1958-04-01,349073.00000000006,60000.0,195745.50070190436
1958-05-01,606049.0,62000.0,487761.8444671631
1958-06-01,805715.0,60000.0,576664.127532959
1958-07-01,1490331.0,215337.0,1182251.261291504
1958-08-01,3832137.0000000005,938435.0,2633557.5655517583
1958-09-01,1642947.0,1329998.0,1046473.7411804199
1958-10-01,3515154.0,1563102.0,2529599.116668701
1958-11-01,1224834.0000000002,1518182.0,906583.501464844
1958-12-01,559269.0,899906.0,457187.7772140503
1959-01-01,373208.0,62000.0,278847.4652862549
1959-02-01,369917.00000000006,56000.0,241845.63815307623
1959-03-01,668360.0000000001,117758.0,346502.7574005128
1959-04-01,1139753.0000000002,158199.0,362023.11968994164
1959-05-01,1101509.0,210428.0,319891.6079559326
1959-06-01,509932.0,211706.0,345866.17950439453
1959-07-01,569216.0,145681.0,379913.76734924316
1959-08-01,876960.0,92208.0,602356.6719970703
1959-09-01,983646.0000000001,70997.0,766331.8818206788
1959-10-01,966734.0,89017.0,806455.6853179932
1959-11-01,708233.9999999999,122281.0,410550.1266326903
1959-12-01,449197.0,89017.0,281825.4409484863
1960-01-01,384696.0,62000.0,261054.8524169922
1960-02-01,362640.0,58000.0,154814.69345092773
1960-03-01,215365.0,62000.0,158360.12774658203
1960-04-01,232627.00000000003,92444.0,181721.3050079346
1960-05-01,1289943.0,511641.0,987227.4261474609
1960-06-01,1453466.0,707867.0,787078.950920105
1960-07-01,2162745.0000000005,1181883.0,1393434.198822022
1960-08-01,2859077.0,1325762.0,1795004.8531036377
1960-09-01,3239129.0,1506293.0,1560425.1726722717
1960-10-01,2258854.9999999995,1452792.0,1287457.0577087398
1960-11-01,1230813.9999999998,1353661.0,660281.337169647
1960-12-01,722574.0,368627.0,546343.840133667
1961-01-01,418391.0,62000.0,270720.10710144043
1961-02-01,283621.00000000006,56000.0,154225.2630462647
1961-03-01,314026.0,81135.0,214032.59678649902
1961-04-01,425698.99999999994,318649.0,278026.6166687011
1961-05-01,693066.0000000001,209117.0,374562.41793823254
1961-06-01,630684.0000000001,66195.0,418687.13320922863
1961-07-01,1026869.9999999999,397218.0,666719.0695037841
1961-08-01,1366864.0,596074.0,761901.213104248
1961-09-01,1171498.9999999998,623878.0,590265.478500366
1961-10-01,770913.0,180594.0,430561.2856750488
1961-11-01,417984.99999999994,75000.0,332481.14422607416
1961-12-01,628628.9999999999,62000.0,355139.20050048816
1962-01-01,641077.0000000001,62000.0,276428.34744262707
1962-02-01,635626.9999999998,56000.0,210627.60952758766
1962-03-01,558343.9999999999,62000.0,151711.761566162
1962-04-01,483038.0,60000.0,167898.0251312256
1962-05-01,819318.0,108475.0,335683.0213775635
1962-06-01,1014435.0000000001,106965.0,816481.7751159669
1962-07-01,735348.0000000001,321249.0,564211.2096710206
1962-08-01,1138360.9999999998,371656.0,855822.6832733152
1962-09-01,994485.0000000001,221027.0,636053.0997314454
1962-10-01,1088263.0,135100.0,842858.7351989746
1962-11-01,617266.0,75000.0,516323.3592071533
1962-12-01,443468.0,62000.0,315592.74407958984
1963-01-01,483635.0,62000.0,363408.1784210205
1963-02-01,442538.0,56000.0,245887.0809173584
1963-03-01,219203.00000000003,62000.0,132183.6991119385
1963-04-01,212054.00000000003,60000.0,147927.4739379883
1963-05-01,789425.9999999999,160817.0,336357.0800323485
1963-06-01,899850.0,252981.0,386514.5457763672
1963-07-01,1276373.9999999998,572190.0,570358.3239746091
1963-08-01,1474225.0000000002,603338.0,919052.0590820315
1963-09-01,1347762.0000000002,459419.0,828549.5318603518
1963-10-01,1183466.9999999998,305577.0,823874.8416442869
1963-11-01,796441.0,75000.0,618050.037689209
1963-12-01,461462.00000000006,62000.0,317156.1931304932
1964-01-01,285561.00000000006,62000.0,160561.07543945318
1964-02-01,392097.00000000006,58000.0,152049.42076110846
1964-03-01,261317.00000000006,62000.0,133273.84825134283
1964-04-01,238024.00000000003,92785.0,173798.16877746585
1964-05-01,345170.99999999994,62000.0,220323.08853149408
1964-06-01,722101.0,60000.0,472303.10888671875
1964-07-01,3333999.0,506878.0,2478854.4602355957
1964-08-01,2502225.0,1176563.0,1328271.0748291016
1964-09-01,2508532.0000000005,1403672.0,1405556.4483642583
1964-10-01,4404666.0,1513370.0,2807077.5147094727
1964-11-01,1713953.0,1744228.0,833540.0236816406
1964-12-01,767837.9999999999,1290146.0,406103.8049621581
1965-01-01,333912.00000000006,62000.0,197179.9371490479
1965-02-01,263978.0,56000.0,144903.55792999268
1965-03-01,185118.0,62000.0,118362.87336730957
1965-04-01,331495.99999999994,60000.0,281246.03750610346
1965-05-01,456727.0,62000.0,294590.4440765381
1965-06-01,443476.99999999994,60000.0,302287.0042495727
1965-07-01,530080.9999999999,62000.0,372958.5610961913
1965-08-01,1108135.0,170155.0,765893.3280944824
1965-09-01,1402060.0000000002,391964.0,884282.2524108889
1965-10-01,735929.0,130685.0,547798.0125579834
1965-11-01,444670.0,75000.0,358506.9792060852
1965-12-01,512860.0,62000.0,406602.26303863525
1966-01-01,277498.0,62000.0,160612.8839263916
1966-02-01,290070.99999999994,56000.0,166529.04202270502
1966-03-01,213273.00000000003,62000.0,147106.16970825198
1966-04-01,208527.0,60000.0,144261.90825653076
1966-05-01,304578.99999999994,62000.0,266092.1125144958
1966-06-01,401282.0,60000.0,339534.4850616455
1966-07-01,656014.0,62000.0,542282.436416626
1966-08-01,1265342.9999999995,62000.0,964656.9800186153
1966-09-01,1702065.0,403552.0,1264584.8136901855
1966-10-01,1599078.0,437306.0,1277197.1735534668
1966-11-01,948658.0,161519.0,817059.382019043
1966-12-01,1610961.0,452535.0,1076617.2639160156
1967-01-01,566251.0,133571.0,326424.4032974243
1967-02-01,267383.99999999994,56000.0,171514.07912445063
1967-03-01,196673.0,62000.0,145196.4516067505
1967-04-01,235368.00000000006,60000.0,146276.14079284674
1967-05-01,255440.99999999997,62000.0,151511.15486145017
1967-06-01,224168.0,60000.0,156576.72164916992
1967-07-01,241368.99999999997,62000.0,190944.34324645993
1967-08-01,419361.0,62000.0,248781.80837249756
1967-09-01,485763.0,60000.0,359076.68229675293
1967-10-01,554779.0,77500.0,479418.8350601196
1967-11-01,188420.00000000003,75000.0,120128.90898895267
1967-12-01,241389.0,62000.0,156947.713180542
1968-01-01,208090.99999999994,62000.0,110961.89919281
1968-02-01,521230.0,58000.0,115142.53401184082
1968-03-01,261173.99999999997,62000.0,122677.29916381833
1968-04-01,202136.99999999997,60000.0,144268.25534057614
1968-05-01,890458.0000000001,62000.0,715856.5769500734
1968-06-01,2107354.0,599311.0,1177538.6809539795
1968-07-01,1107319.0,850923.0,533560.4322509766
1968-08-01,2270497.0000000005,834036.0,1444019.5894165044
1968-09-01,1340275.0000000002,692736.0,826214.5040283205
1968-10-01,1769235.0000000002,432783.0,1475197.0833282473
1968-11-01,920086.0,75000.0,781809.2085876465
1968-12-01,518720.0,62000.0,432277.28719329834
1969-01-01,329951.99999999994,62000.0,200458.51869201654
1969-02-01,298440.0,84678.0,169086.75032806396
1969-03-01,392663.99999999994,121973.0,296338.9781341552
1969-04-01,366933.0,60000.0,294302.51611328125
1969-05-01,571382.0,133209.0,320703.5247192383
1969-06-01,689663.0,264968.0,470258.3118286133
1969-07-01,1716516.0,461338.0,1217941.7705993652
1969-08-01,1458573.0,496960.0,911414.1674194336
1969-09-01,1760019.0,673743.0,1128588.4407958984
1969-10-01,1023141.9999999999,564967.0,601576.2040405272
1969-11-01,891122.0,205648.0,583961.3395080566
1969-12-01,1149162.9999999998,62000.0,432435.18582153297
1970-01-01,821779.0000000001,62000.0,443074.1961364747
1970-02-01,497348.00000000006,56000.0,370439.7344818116
1970-03-01,504958.0,62000.0,412257.9337615967
1970-04-01,635433.9999999999,225899.0,536403.2213745116
1970-05-01,896592.0,386885.0,640198.3909454346
1970-06-01,884527.0,291356.0,643946.8854064941
1970-07-01,1398081.0,539150.0,1045397.5628051758
1970-08-01,2472719.0,700997.0,2015382.258796692
1970-09-01,3258819.0,1214848.0,2348905.5375289917
1970-10-01,1792608.0,1502059.0,1049424.8025932312
1970-11-01,1543073.0,1373153.0,866749.9040966034
1970-12-01,815387.0000000001,535809.0,472715.4239501954
1971-01-01,778042.9999999999,62000.0,340614.56729888904
1971-02-01,1294991.0000000002,56000.0,411558.5442657473
1971-03-01,1550854.9999999998,637263.0,314892.449707031
1971-04-01,2867613.0,918187.0,323947.3910522461
1971-05-01,2492268.0000000005,1271625.0,637054.4544372563
1971-06-01,1266680.0,1379048.0,563865.3416748047
1971-07-01,1063621.9999999998,797963.0,568483.7017211912
1971-08-01,1324870.9999999998,637747.0,765405.862182617
1971-09-01,1783056.0,878715.0,1014030.1088562012
1971-10-01,2628721.0,687588.0,1557703.211227417
1971-11-01,2450089.0,1034079.9999999999,1496912.1240234375
1971-12-01,730150.0,950869.0,579452.185508728
1972-01-01,621175.0000000001,318048.0,485541.00971984875
1972-02-01,704634.0,195810.0,311777.082611084
1972-03-01,448231.0,150016.0,248298.010055542
1972-04-01,310512.0,114930.0,222341.53561401367
1972-05-01,423331.0,62000.0,283314.2805633545
1972-06-01,299768.0,117442.0,216041.15423583984
1972-07-01,619603.0,173550.0,538184.8712158203
1972-08-01,774695.0,122050.0,603227.0828857422
1972-09-01,805259.9999999999,60000.0,538784.4729766845
1972-10-01,486850.0,77500.0,324334.08769226074
1972-11-01,365857.0,75000.0,262595.64532470703
1972-12-01,430550.0,62000.0,192635.646484375
1973-01-01,327307.0,62000.0,150002.43397521973
1973-02-01,680379.0,77282.0,360064.1833496094
1973-03-01,802527.0,115745.0,286684.63133239746
1973-04-01,1084808.0000000002,367680.0,656949.945327759
1973-05-01,1108578.0,481931.0,930359.0413513184
1973-06-01,1465867.0,579315.0,1094889.1202697754
1973-07-01,2234600.0,999300.0,1481559.505432129
1973-08-01,3493063.0,1269199.0,2106311.3239746094
1973-09-01,4028593.0000000005,1651787.0,2622767.6218261723
1973-10-01,2894324.0,2339284.0,1646523.6408691406
1973-11-01,1729467.0,2329144.0,961799.692565918
1973-12-01,1284985.9999999995,1512989.0,443255.01776123
1974-01-01,1622381.9999999998,825484.0,959683.6611328123
1974-02-01,1210313.9999999998,843865.0,320033.2356185911
1974-03-01,2399171.9999999995,717560.0,368509.8706054683
1974-04-01,1923267.0000000002,1367141.0,556634.4479064944
1974-05-01,4230154.0,1642816.0,2098174.1541748047
1974-06-01,2079390.0000000002,2020601.0,916229.3826332095
1974-07-01,4956268.0,2458672.0,3158796.9737854004
1974-08-01,4512155.0,2765558.0,2510059.844276428
1974-09-01,4474524.0,3556795.0,2159302.7244873047
1974-10-01,6255429.000000001,4237188.0,3396581.0283203134
1974-11-01,2584849.0,4299873.0,1148811.1242675781
1974-12-01,1190034.0,3131662.0,425704.30069732666
1975-01-01,421090.0,874521.0,268776.53370666504
1975-02-01,386495.00000000006,111617.0,219072.8506774903
1975-03-01,376374.0,205909.0,221697.68841552734
1975-04-01,551998.0,106593.0,245297.6348876953
1975-05-01,1420112.9999999998,409582.0,720041.5580749509
1975-06-01,871775.0,368395.0,605018.7037963867
1975-07-01,1735253.0000000002,633772.0,1314272.6709289553
1975-08-01,2917453.0,1148330.0,1732361.2010726929
1975-09-01,4467555.0,1501016.0,2536955.4195251465
1975-10-01,5501200.0,2470573.0,3116221.977294922
1975-11-01,2841654.0,3653877.0,1604451.1126708984
1975-12-01,1597788.0,3444668.0,666395.2264328003
1976-01-01,558697.0000000001,1468291.0,388229.5693206788
1976-02-01,760505.9999999999,514517.00000000006,276311.779434204
1976-03-01,1205887.0,410289.0,231421.70498657227
1976-04-01,2201811.0,739166.0,188444.19998168945
1976-05-01,2485413.0,846285.0,404650.36642456055
1976-06-01,1062003.0000000002,1051635.0,412816.6195678713
1976-07-01,872375.0,594227.0,457574.76776123047
1976-08-01,889427.0,208745.0,520229.8367614746
1976-09-01,787653.0,157415.0,452190.06188964844
1976-10-01,1406354.0,522650.99999999994,1087131.9250183105
1976-11-01,1060763.0000000002,578243.0,430462.4223632815
1976-12-01,791874.9999999998,301454.0,312881.6586761472
1977-01-01,447664.0,62000.0,260299.43267822266
1977-02-01,341119.99999999994,56000.0,203021.31600952143
1977-03-01,416979.99999999994,143039.0,244601.6143035888
1977-04-01,991495.9999999998,107364.0,243725.67172241188
1977-05-01,1158013.0,349130.0,291076.3857727051
1977-06-01,1017628.9999999999,631841.0,473125.29232788074
1977-07-01,1941101.0,816633.0,661685.9140625
1977-08-01,1240708.9999999998,362171.0,675740.4509277341
1977-09-01,724564.0000000001,60000.0,482258.6501159669
1977-10-01,501720.0,77500.0,361406.9235229492
1977-11-01,335384.0,75000.0,239230.62036132812
1977-12-01,274173.0,62000.0,172248.1003112793
1978-01-01,296367.0,62000.0,179506.15855407715
1978-02-01,360571.0,56000.0,235180.29525756836
1978-03-01,333700.0,62000.0,209718.5454864502
1978-04-01,347304.0,60000.0,290568.79818725586
1978-05-01,373635.0,62000.0,322377.9229812622
1978-06-01,909427.9999999999,69159.0,653714.0855407714
1978-07-01,1877945.0,617865.0,1215525.4448242188
1978-08-01,2669028.9999999995,921442.0,1316883.7199707027
1978-09-01,2323743.0,994735.0,1264588.7645263672
1978-10-01,2151640.9999999995,1024385.0,968455.8924827571
1978-11-01,1532818.0,797423.0,767039.9608459473
1978-12-01,1029155.0,450881.0,606505.7214355469
1979-01-01,442050.0,62000.0,292759.58752441406
1979-02-01,265352.00000000006,130918.0,154190.7458953858
1979-03-01,204207.00000000006,158456.0,155603.7848052979
1979-04-01,239338.99999999997,124061.0,190411.39427185056
1979-05-01,327442.0,71002.0,242867.91090393066
1979-06-01,363579.00000000006,60000.0,290717.86582946783
1979-07-01,396751.0,62000.0,333875.1945953369
1979-08-01,759828.0,62000.0,589118.5456619263
1979-09-01,1968312.9999999998,135932.0,1437286.0021972654
1979-10-01,2679720.0,747449.0,1702766.5930786133
1979-11-01,608084.0,756161.0,520750.12255859375
1979-12-01,327472.00000000006,62000.0,246496.1702728272
1980-01-01,266847.00000000006,62000.0,130738.11856842047
1980-02-01,294246.0,58000.0,193460.6336669922
1980-03-01,207439.00000000003,62000.0,155784.1738586426
1980-04-01,362674.99999999994,60000.0,312249.23661804193
1980-05-01,262936.0,62000.0,213976.6757659912
1980-06-01,298616.0,60000.0,247496.71981430054
1980-07-01,867303.0,62000.0,643770.0341796875
1980-08-01,1145256.0,253470.0,809918.5690765381
1980-09-01,1204879.0000000002,173785.0,975710.3404312136
1980-10-01,826774.0,135784.0,637473.284450531
1980-11-01,560325.0,75000.0,496062.32811546326
1980-12-01,591608.9999999999,62000.0,511684.5841374396
1981-01-01,304787.00000000006,62000.0,230511.76574927574
1981-02-01,302750.0,56000.0,205088.9766921997
1981-03-01,233001.0,62000.0,160514.7380218506
1981-04-01,207168.00000000003,60000.0,131633.92237854007
1981-05-01,247902.99999999997,62000.0,206670.56415557858
1981-06-01,1356465.0000000002,90553.0,1098358.595062256
1981-07-01,4700423.0,816170.0,3173264.3647766113
1981-08-01,5581846.000000001,1773890.0,3445997.426147462
1981-09-01,2405756.0,2597171.0,1330525.6414794922
1981-10-01,1424880.9999999998,2556427.0,997752.1108703611
1981-11-01,645532.0,892363.0,545577.1526031494
1981-12-01,429312.0,62000.0,336622.11318969727
1982-01-01,321710.00000000006,62000.0,232308.2562103272
1982-02-01,352266.0,56000.0,210388.03115844727
1982-03-01,277316.0,62000.0,187602.62161254883
1982-04-01,569586.0,60000.0,168885.09020996094
1982-05-01,468448.99999999994,62000.0,249584.03029632563
1982-06-01,346755.0,60000.0,301039.4878540039
1982-07-01,264640.0,62000.0,205158.7876739502
1982-08-01,252202.99999999997,62000.0,162339.27472686765
1982-09-01,401292.00000000006,60000.0,311398.5427513123
1982-10-01,322563.0,77500.0,254298.82651901245
1982-11-01,195424.0,75000.0,139791.65329289436
1982-12-01,237432.00000000003,62000.0,165801.93746322396
1983-01-01,180903.00000000003,62000.0,107487.52630749348
1983-02-01,179894.00000000003,50000.0,101756.70635604861
1983-03-01,204416.0,61256.0,159730.24979400635
1983-04-01,284876.00000000006,60000.0,232425.42262268072
1983-05-01,541113.0,62000.0,460442.2075805664
1983-06-01,1151015.0,60000.0,570095.8195800781
1983-07-01,2247174.0,542091.0,919795.9639892578
1983-08-01,3533886.0,1098171.0,1571329.9276123047
1983-09-01,4085638.0000000005,1435705.0,2056297.369384766
1983-10-01,2452500.9999999995,1741902.0,1189650.9203491206
1983-11-01,1178863.0,955099.0,622841.0362548828
1983-12-01,1046012.9999999999,409144.0,527089.2873840331
1984-01-01,1048876.0,484952.0,473874.5447692871
1984-02-01,981419.9999999998,505833.0,277954.473144531
1984-03-01,1139167.0,589648.0,234443.14093017578
1984-04-01,1123512.0,627862.0,246691.50350952148
1984-05-01,870430.0,579828.0,230834.22451782227
1984-06-01,677113.0,247230.0,213446.2603149414
1984-07-01,551954.0000000001,318459.0,382745.83349609387
1984-08-01,2406684.0,722364.0,1674397.2792358398
1984-09-01,3362481.0000000005,1489778.0,1556732.1259918218
1984-10-01,3126456.0,1647210.0,1413440.2401256561
1984-11-01,1002839.9999999999,948964.0,427477.99350357044
1984-12-01,538314.0,285778.0,227354.36053466797
1985-01-01,297879.0,62000.0,165445.95501708984
1985-02-01,255998.0,56000.0,159436.74940490723
1985-03-01,251542.00000000003,117645.0,195715.53507995608
1985-04-01,239750.0,64013.99999999999,185380.553024292
1985-05-01,356935.0,62000.0,218252.5258178711
1985-06-01,472483.00000000006,60000.0,385248.10382080084
1985-07-01,422165.0,62000.0,354198.93449401855
1985-08-01,1921166.0000000002,300402.0,1470911.4908142092
1985-09-01,1169252.0,482777.0,724762.514831543
1985-10-01,687082.0000000001,176042.0,509043.0981140138
1985-11-01,524983.9999999999,75000.0,431486.684234619
1985-12-01,667239.9999999999,62000.0,471271.4548950194
1986-01-01,491996.00000000006,62000.0,319766.88545227057
1986-02-01,307268.0,56000.0,207784.72340393066
1986-03-01,160556.0,62000.0,115530.716796875
1986-04-01,169012.99999999994,60000.0,122039.84304046625
1986-05-01,363273.99999999994,62000.0,304767.4551162719
1986-06-01,307431.99999999994,60000.0,246018.63477325434
1986-07-01,3092257.0,372989.0,2196900.987335205
1986-08-01,2124400.0,1009169.0,1344947.0384521484
1986-09-01,1750221.0,1080860.0,944046.6127319336
1986-10-01,2893087.0,1021206.0,1894939.7702331543
1986-11-01,1184411.0,754943.0,949681.8193359375
1986-12-01,832174.0000000002,451429.0,568076.7910766604
1987-01-01,373663.0,62000.0,272440.7622680664
1987-02-01,337336.0,56000.0,210651.14697265625
1987-03-01,288566.0,62000.0,208823.17526245117
1987-04-01,296103.0,60000.0,222180.5547027588
1987-05-01,450239.0,62000.0,354656.75591278076
1987-06-01,975218.9999999999,60000.0,767098.2945327758
1987-07-01,1542692.0,649985.0,957819.7397918701
1987-08-01,1633156.0,804481.0,870905.9236602783
1987-09-01,905659.0,576595.0,581490.4488372803
1987-10-01,644619.0000000001,152601.0,452015.52188110363
1987-11-01,382555.0,75000.0,295071.4076156616
1987-12-01,486054.0,62000.0,392228.37159729004
1988-01-01,348590.0,62000.0,247601.3359375
1988-02-01,328045.99999999994,58000.0,206096.46260070795
1988-03-01,291745.00000000006,62000.0,187718.099395752
1988-04-01,330164.0,60000.0,175564.71160888672
1988-05-01,851300.0000000001,62000.0,338371.21704101574
1988-06-01,2061212.0,206025.0,790184.1065368652
1988-07-01,2355512.0,679775.0,1198119.2091674805
1988-08-01,1751444.0000000005,916385.0,719885.1687011723
1988-09-01,1728785.9999999998,811282.0,842432.5137939451
1988-10-01,996026.0000000002,411839.0,559554.733230591
1988-11-01,713692.0,152096.0,548854.9869232178
1988-12-01,1100132.0,147663.0,916154.0796203613
1989-01-01,616161.0,62000.0,403967.7527999878
1989-02-01,295440.00000000006,56000.0,173572.87614440924
1989-03-01,430762.00000000006,167496.0,345780.83886718756
1989-04-01,964984.0,369536.0,624519.1566772461
1989-05-01,1806678.9999999998,821325.0,667161.7002587316
1989-06-01,2708676.0,1317548.0,1131413.1428909302
1989-07-01,2676850.0,1750795.0,973018.0283203125
1989-08-01,3276736.0000000005,1860127.0,1339434.8253173833
1989-09-01,2671079.0,1745847.0,1196709.5573730469
1989-10-01,2239008.0,1276966.0,1416607.3519439697
1989-11-01,1051168.0000000002,991145.0,883112.0356140139
1989-12-01,595840.0,383564.0,423819.8871459961
1990-01-01,341526.99999999994,62000.0,228680.7564697265
1990-02-01,314309.0,89085.0,193436.47059631348
1990-03-01,245759.0,147394.0,168059.70880126953
1990-04-01,366374.0,120551.0,308483.4242248535
1990-05-01,1068402.0,79696.0,425788.6291503906
1990-06-01,1767371.9999999998,706695.0,543546.6251831052
1990-07-01,4364182.0,1324580.0,2677497.5330200195
1990-08-01,4451326.0,1981364.0,2468796.459350586
1990-09-01,3406930.0000000005,2510042.0,1203885.0910644536
1990-10-01,2814247.0,2622495.0,1196568.7967681885
1990-11-01,1193532.9999999998,1256799.0,606081.3023376463
1990-12-01,519914.0,197188.0,276225.2671203613
1991-01-01,478926.99999999994,62000.0,302878.6232452392
1991-02-01,352160.99999999994,60743.0,159192.2447662353
1991-03-01,547268.0,141611.0,152975.3715209961
1991-04-01,275426.0,114871.0,179370.75540161133
1991-05-01,259897.0,62000.0,177191.3614501953
1991-06-01,434373.0,134644.0,333748.95137023926
1991-07-01,1464732.0,281396.0,843099.2138061523
1991-08-01,2297164.0,478939.0,1476464.1842041016
1991-09-01,3278847.0,996646.0,2037854.366973877
1991-10-01,1338020.0000000002,1056042.0,797234.8338012698
1991-11-01,448545.00000000006,493325.0,373035.66240692144
1991-12-01,369400.0,62000.0,279250.020072937
1992-01-01,514921.00000000006,62000.0,257322.72741699225
1992-02-01,323895.0,58000.0,180223.3657989502
1992-03-01,588340.0,116686.0,172472.33360290527
1992-04-01,452901.00000000006,137392.0,207889.4136047364
1992-05-01,451454.0,69485.0,345374.19232177734
1992-06-01,498904.0,84480.0,422194.02339172363
1992-07-01,598454.0000000001,90466.0,476894.58938598644
1992-08-01,1336730.0,357802.0,1040938.5997772217
1992-09-01,3359089.0,899034.0,2203905.317840576
1992-10-01,4437679.0,1461065.0,2762169.90133667
1992-11-01,2151776.0000000005,2121776.0,1237931.5756835942
1992-12-01,1989200.9999999998,2390776.0,968364.2163085935
1993-01-01,952307.9999999999,1343670.0,550757.7095336913
1993-02-01,510605.00000000006,423679.0,356084.8234405518
1993-03-01,595825.9999999999,273800.0,439883.16648864734
1993-04-01,689863.0,304549.0,389951.30738830566
1993-05-01,559428.0000000001,225571.0,373120.4242477418
1993-06-01,717792.9999999999,359721.0,500910.6507759093
1993-07-01,1866196.0,828522.0,1238709.3677978516
1993-08-01,2661558.9999999995,1147522.0,1688664.6873626704
1993-09-01,4240886.0,1433651.0,1629847.9713745117
1993-10-01,4266492.999999999,2283731.0,2448562.303894042
1993-11-01,1799267.9999999998,2826423.0,956334.266479492
1993-12-01,1263639.0,2222624.0,1052938.8526306152
1994-01-01,813149.0000000001,516214.00000000006,650202.2471923829
1994-02-01,511504.0,274882.0,379435.44927978516
1994-03-01,538998.0,211280.0,331892.895904541
1994-04-01,551191.0,175614.0,262967.202255249
1994-05-01,477712.99999999994,62000.0,316394.54795837397
1994-06-01,720992.0,303781.0,516429.18494415283
1994-07-01,617451.0000000001,333087.0,423571.78440094006
1994-08-01,570443.0000000001,78185.0,440479.1726226808
1994-09-01,432031.0,60000.0,295165.809463501
1994-10-01,482689.99999999994,77500.0,378054.95163154596
1994-11-01,529518.0,75000.0,446430.2744092941
1994-12-01,433445.99999999994,62000.0,354596.77572584146
1995-01-01,408035.0,62000.0,316925.02335357666
1995-02-01,495478.00000000006,56000.0,271931.244506836
1995-03-01,453421.9999999999,62000.0,192094.02317810047
1995-04-01,305112.0,60000.0,252525.24827575684
1995-05-01,683963.0,62000.0,625381.5697250366
1995-06-01,1841347.0,385560.0,1304921.1190948486
1995-07-01,3187683.0000000005,1015855.0,2175449.6269378667
1995-08-01,2071577.0000000002,1455254.0,1115645.9610595705
1995-09-01,1263208.0,1070560.0,816414.1146621704
1995-10-01,934841.0,611161.0,783524.9484176636
1995-11-01,919376.0,126848.0,792668.884841919
1995-12-01,680878.0,62000.0,545247.3505630493
1996-01-01,753298.0,62000.0,412204.6223144531
1996-02-01,787882.0000000001,58000.0,288948.6992492677
1996-03-01,1261247.0,62000.0,319736.1125793457
1996-04-01,1160220.0,234477.0,285408.960357666
1996-05-01,685179.0,230798.0,409520.3660583496
1996-06-01,1198582.0000000002,561287.0,577073.5173645022
1996-07-01,2735506.999999999,1140757.0,1261013.420715331
1996-08-01,3683058.9999999995,1415259.0,2305634.5019531245
1996-09-01,3064984.0000000005,1811900.0,1822814.4679565434
1996-10-01,3993651.9999999995,2146212.0,2492694.512207031
1996-11-01,1029379.0000000001,2103926.0,674581.9757080079
1996-12-01,587512.0,960091.0,473906.55837249756
1997-01-01,553653.9999999999,62000.0,392327.0303649901
1997-02-01,304906.00000000006,95515.0,179537.52871704107
1997-03-01,736626.0000000001,146320.0,175774.39550781262
1997-04-01,968192.0000000001,286039.0,170715.62974548351
1997-05-01,448515.0,256144.0,313542.11254119873
1997-06-01,428214.0,137655.0,327353.6545562744
1997-07-01,499097.99999999994,134093.0,352475.780090332
1997-08-01,571483.0,124463.0,434269.4595336914
1997-09-01,955714.9999999998,111050.0,674216.2168350217
1997-10-01,400626.00000000006,126701.0,283947.18305206305
1997-11-01,359482.0,75000.0,251828.2898864746
1997-12-01,220868.00000000003,62000.0,132302.47197723392
1998-01-01,240235.00000000006,62000.0,132285.21092224127
1998-02-01,272907.00000000006,56000.0,175646.99815368658
1998-03-01,179167.0,62000.0,103610.37696838379
1998-04-01,219343.0,60000.0,157310.22816467285
1998-05-01,192918.99999999997,62000.0,154296.24682617185
1998-06-01,436468.0,60000.0,329747.19467163086
1998-07-01,822507.0,62000.0,599438.3785400391
1998-08-01,1507558.0000000002,62000.0,879142.1700439455
1998-09-01,2870823.0,867842.0,1593394.976196289
1998-10-01,2941821.0,817459.0,1101378.4401855469
1998-11-01,2369658.0000000005,628464.0,688267.776000977
1998-12-01,1374462.0,413073.0,278304.9669494629
1999-01-01,594908.0000000001,97225.0,192798.8748779298
1999-02-01,364148.0,127898.0,134251.71649169922
1999-03-01,392466.99999999994,233516.0,166702.91531372064
1999-04-01,701213.0,284180.0,169767.71298217773
1999-05-01,574545.0000000002,262609.0,225073.596878052
1999-06-01,668971.0,153450.0,547300.587677002
1999-07-01,559989.0,159418.0,406157.8125
1999-08-01,1158635.0,148415.0,876304.4555358887
1999-09-01,1111036.0,162152.0,889208.1470336914
1999-10-01,749594.0,125019.0,559805.7579650879
1999-11-01,570977.0,75000.0,357007.5472869873
1999-12-01,712321.0,92025.0,352756.67823791504
2000-01-01,408096.00000000006,62000.0,251242.21615600592
2000-02-01,290573.99999999994,120381.0,177856.8139648437
2000-03-01,255776.0,171868.0,164030.86543273926
2000-04-01,367404.0,145104.0,197177.66636657715
2000-05-01,582115.0,62000.0,448131.77180480957
2000-06-01,901787.0000000001,93175.0,678551.6762695314
2000-07-01,1298687.9999999998,175084.0,1019556.4620971677
2000-08-01,1678854.9999999998,203957.0,1389266.3153381345
2000-09-01,2690267.0,685144.0,1933058.2321166992
2000-10-01,2189129.0,876021.0,1776506.4075927734
2000-11-01,1809214.0,905925.0,1264698.7681274414
2000-12-01,880569.9999999998,1124765.0,376313.34028625465
2001-01-01,1315374.0,401124.0,205400.49142456055
2001-02-01,1358824.0000000002,480548.0,201553.81765747094
2001-03-01,937626.0,442143.0,177208.89976501465
2001-04-01,762324.0000000001,593749.0,177826.16150665295
2001-05-01,535714.0,335065.0,205000.4123840332
2001-06-01,516908.0,164587.0,365151.01571655273
2001-07-01,501830.99999999994,156389.0,377519.79238891596
2001-08-01,804093.0000000001,126332.0,655064.6212615968
2001-09-01,1072416.0000000002,102045.0,832808.0018920901
2001-10-01,1179839.0000000002,117161.0,990083.0549468996
2001-11-01,614634.9999999999,75000.0,535090.1998901366
2001-12-01,353225.99999999994,62402.0,266155.5246429443
2002-01-01,298795.0,62000.0,158432.55671691895
2002-02-01,291969.0,56000.0,187698.37158203125
2002-03-01,206100.0,62000.0,152785.0895690918
2002-04-01,205104.0,60000.0,152173.16429138184
2002-05-01,247857.0,62000.0,199782.55827331543
2002-06-01,430638.0000000001,60000.0,393436.14083099377
2002-07-01,533963.0,62000.0,465490.5537033081
2002-08-01,430195.00000000006,62000.0,348120.5550689698
2002-09-01,555078.0000000001,60000.0,483440.32223510754
2002-10-01,362070.0,77500.0,291623.3472290039
2002-11-01,243062.0,75000.0,176742.49322891235
2002-12-01,241139.0,62000.0,147846.0851919651
2003-01-01,208245.99999999997,62000.0,119035.78859600422
2003-02-01,168495.0,56000.0,114627.4287147522
2003-03-01,173777.99999999997,51281.0,124983.74575424191
2003-04-01,186621.0,14505.0,132361.54509735107
2003-05-01,239231.00000000003,57117.0,197476.04263305667
2003-06-01,334221.0,15539.0,290406.16424560547
2003-07-01,788423.0,62000.0,679015.8928222656
2003-08-01,1620484.9999999998,263073.0,1428332.211639404
2003-09-01,1261935.0000000002,353889.0,1030302.2422332766
2003-10-01,923403.0,174263.0,807110.628829956
2003-11-01,524962.0,75000.0,463130.17319488525
2003-12-01,587066.0,62000.0,504497.1964263916
2004-01-01,351114.99999999994,62000.0,239937.7506217956
2004-02-01,395329.0,3391.0,152864.27536678314
2004-03-01,597782.0,3508.0,115550.18412780762
2004-04-01,267843.0,6106.0,127869.99305725098
2004-05-01,236597.99999999997,21700.0,183683.71882629392
2004-06-01,384193.99999999994,13183.0,345883.34709167475
2004-07-01,556418.0000000001,60353.0,484769.27423095715
2004-08-01,931950.0,62000.0,824333.1638870239
2004-09-01,1380178.0,60000.0,1182170.2583618164
2004-10-01,550587.0,77500.0,460749.18379974365
2004-11-01,767355.0,75000.0,675748.6823883057
2004-12-01,453263.99999999994,52163.0,373356.32798004145
2005-01-01,549324.0,0.0,207647.1540145874
2005-02-01,599334.0,0.0,362463.24909210205
2005-03-01,199533.00000000003,11758.0,160408.80841064456
2005-04-01,204572.0,8023.0,163013.55005645752
2005-05-01,189278.99999999997,1610.0,158332.96222305295
2005-06-01,402705.00000000006,60000.0,362187.09195709234
2005-07-01,720630.0000000001,62000.0,615312.9881134034
2005-08-01,1671115.0,81400.0,1200895.1807250977
2005-09-01,1918011.0,340637.0,1665368.7367248535
2005-10-01,1213477.9999999998,415311.0,952481.6486053464
2005-11-01,789036.0,145449.0,686698.232498169
2005-12-01,484003.00000000006,62000.0,392080.40626525885
2006-01-01,326011.99999999994,62000.0,187288.19309997553
2006-02-01,259005.99999999997,56000.0,172330.27476501462
2006-03-01,162105.00000000003,62000.0,117430.7711105347
2006-04-01,168994.00000000003,60000.0,121280.18869018558
2006-05-01,245509.00000000003,62000.0,208497.44039916995
2006-06-01,214014.0,60000.0,182730.66138458252
2006-07-01,229616.0,62000.0,185601.7772140503
2006-08-01,223255.00000000003,62000.0,156301.46801757815
2006-09-01,244519.0,53820.0,175660.01331329346
2006-10-01,179476.99999999997,0.0,118014.50535964963
2006-11-01,160938.99999999997,0.0,102803.83830261228
2006-12-01,168682.99999999997,0.0,101268.45168113706
2007-01-01,144595.99999999997,0.0,108339.00338745114
2007-02-01,136835.99999999997,0.0,103777.89376831052
2007-03-01,139911.99999999997,0.0,84336.56314086911
2007-04-01,102942.0,0.0,42861.343032836914
2007-05-01,188576.0,0.0,145287.6604156494
2007-06-01,332250.0,0.0,281274.6894302368
2007-07-01,670921.9999999999,0.0,530944.8051605223
2007-08-01,551617.0,0.0,444598.12298583984
2007-09-01,384718.0,0.0,306660.01429748535
2007-10-01,346328.0,0.0,279700.5344696045
2007-11-01,307274.0,0.0,252402.38929367065
2007-12-01,397021.00000000006,0.0,311299.7131004334
2008-01-01,342614.0,0.0,135549.29135131836
2008-02-01,248161.00000000003,0.0,110767.78493499759
2008-03-01,512644.0,0.0,55141.34105682373
2008-04-01,148738.0,0.0,60977.822525024414
2008-05-01,150807.99999999997,0.0,117033.46113967893
2008-06-01,153399.0,0.0,122462.36236572266
2008-07-01,416321.00000000006,0.0,363993.81851196295
2008-08-01,390669.00000000006,0.0,320656.0392532349
2008-09-01,644479.0,0.0,572656.9860610962
2008-10-01,403020.0,0.0,337344.9691390991
2008-11-01,305028.0,0.0,246456.2168121338
2008-12-01,325701.0,0.0,256544.5616607666
2009-01-01,211993.0,0.0,87052.22080993652
2009-02-01,73715.0,0.0,41049.32210922241
2009-03-01,86893.0,0.0,26497.315158843994
2009-04-01,126607.00000000001,0.0,63385.72308349611
2009-05-01,181798.0,0.0,128462.64608001709
2009-06-01,172506.99999999997,0.0,130613.00593566892
